city,postcode,titles,price_eur,area_m2,land_m2,rooms
Brest,29200,Avendrebrestkerichensaintlucappartementt4doublesejour2chambresbalconascenseur,160125,73.0,0.0,4
Brest,29200,Maisonfamiliale4chambressursoussolcomplet-brest(quartierpenarchleuz),335000,127.0,477.0,6
Brest,29200,Appartementenduplexavendreterrassevuemerascenseurbrest-triangled'or,655000,103.0,0.0,5
Brest,29200,Maison95m²àbrest,238970,95.0,350.0,5
Brest,29200,Appartement41m²àbrest,165900,41.0,0.0,2
Brest,29200,Joliemaisondecaractere,258800,166.0,249.0,8
Brest,29200,Exclusivite-brestbellevueproxpenfeld-appartementt4de77m²-balconferme-vuedegagee,133600,77.0,0.0,0
Brest,29200,Appartement120m²àbrest,748000,121.0,0.0,5
Brest,29200,Maisonbrest8pièce(s)145m2,333000,145.0,297.0,8
Brest,29200,Maisondesannées30,255000,160.0,250.0,8
Brest,29200,Brestbourglambézellectype2avecascenseur.,186384,44.0,0.0,2
Brest,29200,Appartement64m²àbrest,143775,64.0,0.0,3
Brest,29200,Vasteappartementt4,122000,76.0,0.0,4
Brest,29200,Superbeappartement-brestcentre,356000,116.0,0.0,5
Brest,29200,"Appartementt2deplain-pied–quartierrecouvrance,brest",99000,38.0,0.0,2
Brest,29200,Àvendre:appartementlumineuxde4piècesàbrest-lelandais,133400,71.0,0.0,4
Brest,29200,"Avendreàbrest,secteurlanredec,ensembleimmobilier,unemaisonde90m2encolocationetunimmeublede7appartements199m2",715700,290.0,455.0,0
Brest,29200,Appartement73m²àbrest,233200,73.0,0.0,3
Brest,29200,Appartementt3avendrebrestsaintmarc,415000,60.0,0.0,3
Brest,29200,"Brest-stpierret473m2,2chambres",149000,73.0,0.0,4
Brest,29200,Avendrebrestkerichensaintlucappartementt4doublesejour2chambresbalconascenseur,160125,73.0,0.0,4
Brest,29200,Maisonfamiliale4chambressursoussolcomplet-brest(quartierpenarchleuz),335000,127.0,477.0,6
Brest,29200,Appartementenduplexavendreterrassevuemerascenseurbrest-triangled'or,655000,103.0,0.0,5
Brest,29200,Maison95m²àbrest,238970,95.0,350.0,5
Brest,29200,Appartement41m²àbrest,165900,41.0,0.0,2
Brest,29200,Joliemaisondecaractere,258800,166.0,249.0,8
Brest,29200,Exclusivite-brestbellevueproxpenfeld-appartementt4de77m²-balconferme-vuedegagee,133600,77.0,0.0,0
Brest,29200,Appartement120m²àbrest,748000,121.0,0.0,5
Brest,29200,Maisonbrest8pièce(s)145m2,333000,145.0,297.0,8
Brest,29200,Maisondesannées30,255000,160.0,250.0,8
Brest,29200,Brestbourglambézellectype2avecascenseur.,186384,44.0,0.0,2
Brest,29200,Appartement64m²àbrest,143775,64.0,0.0,3
Brest,29200,Vasteappartementt4,122000,76.0,0.0,4
Brest,29200,Superbeappartement-brestcentre,356000,116.0,0.0,5
Brest,29200,"Appartementt2deplain-pied–quartierrecouvrance,brest",99000,38.0,0.0,2
Brest,29200,Àvendre:appartementlumineuxde4piècesàbrest-lelandais,133400,71.0,0.0,4
Brest,29200,"Avendreàbrest,secteurlanredec,ensembleimmobilier,unemaisonde90m2encolocationetunimmeublede7appartements199m2",715700,290.0,455.0,0
Brest,29200,Appartement73m²àbrest,233200,73.0,0.0,3
Brest,29200,Appartementt3avendrebrestsaintmarc,415000,60.0,0.0,3
Brest,29200,"Brest-stpierret473m2,2chambres",149000,73.0,0.0,4
Brest,29200,"Avendreenexclusivité,àbrest,secteurquizacécoledecommerce,appartementt4,84.2m2,3chambres,balcon,parkingcouvert",154787,84.0,0.0,4
Brest,29200,Appartementt2-saintmartinbrest,150000,36.0,0.0,2
Brest,29200,Finistere-brest(29200)-avendre-maison90m²-3chambres-grandepiecedevie-garage-rare-pasdetravaux-grandj,259000,90.0,300.0,4
Brest,29200,Lambézellec-type5refaitàneuf,252000,85.0,0.0,5
Brest,29200,Brestsecteurst-martin-appartementt3de70m²-dernieretage-balcon-stationnementprivatif,178000,71.0,0.0,3
Brest,29200,Finistere-brest(29200)-avendre-appartementt234m²aucalme-empoutrementbeton-1chambre-locataireenplace-beau,59000,38.0,0.0,2
Brest,29200,Finistere-brest(29200)-avendre-appartementde66mm2-2chambres-cave-ascenseur-parking-balcon-dallebeton-c,149000,67.0,0.0,3
Brest,29200,Brestsaintmartinprochefacdemedecineetglasgowetatneufimmeuble3appartements,420000,70.0,0.0,5
Brest,29200,Appartement59m²àbrest,159430,59.0,0.0,3
Brest,29200,"Exclusivitébrestrivedroite,appartementt4avecascenseur",170400,78.0,0.0,4
Brest,29200,Avendrebresttriangled'ort592m²3chambres,299000,92.0,0.0,5
Brest,29200,Appartementt2avendrebrestsaintmarc,360000,54.0,0.0,2
Brest,29200,"Avendre-appartement5pièces-brest,triangled'or.",299250,92.0,184.0,5
Brest,29200,Brestkerinouboisdesapinmaisont64chambres,269050,100.0,375.0,6
Brest,29200,Brestcroixrougeappartementt3,148800,66.0,0.0,3
Brest,29200,"Exclusivitébrestrivedroite,appartementt4avecascenseur",170400,78.0,0.0,4
Brest,29200,Appartementt2avendre-brestlanredec,118800,56.0,0.0,2
Brest,29200,Avendrebrestlambezellec-lanrozemaison70m2comblesaamenagersoussolcompletfortpotentiel,231000,70.0,353.0,4
Brest,29200,Brestcroixrougeappartementt3,148800,66.0,0.0,3
Brest,29200,T3duplexmoulinblanc,169900,62.0,0.0,3
Brest,29200,Appartement82m²àbrest,223400,82.0,0.0,4
Brest,29200,Exclusivité–brestlambezellec–maisonfamiliale5chambres–jardinclos–sous-solcomplet,295500,120.0,0.0,8
Brest,29200,Maison69m²àbrest,231000,69.0,353.0,4
Brest,29200,Brest-bellevue-t2lumineuxàproximitédutramway,99900,44.0,0.0,2
Brest,29200,"Brest,saint-pierre–maisont5enimpasse",222600,90.0,260.0,5
Brest,29200,Appartementt3ascenseurvuemerparkingavendrebrestcentreville,265000,74.0,0.0,3
Brest,29200,Siamsaintlouis,140500,33.0,0.0,1
Brest,29200,Àvendreexclusivité:appartement3piècesàbrest-recouvrance,138775,55.0,0.0,3
Brest,29200,Appartement84m²àbrest,270000,84.0,0.0,4
Brest,29200,Appartement79m²àbrest,143500,79.0,0.0,4
Brest,29200,Maison115m²àbrest,268000,115.0,405.0,6
Brest,29200,Exclusivitéavendrebrestgeantappartement45m²habitablesascenseurbalcon,49500,45.0,0.0,2
Brest,29200,Appartementt3avecgaragede20m²,149000,58.0,0.0,3
Brest,29200,Brest?quartierrecherché?appartementt3,148000,63.0,0.0,3
Brest,29200,Appartementavendreascenseurpmrgaragefermebrestcentrevillesaint-louis,318000,86.0,0.0,3
Brest,29200,Maison5pièces96m2,199900,96.0,200.0,5
Brest,29200,Maisont8avendrebrestfacultedemedecinecliniquepasteur,509250,192.0,180.0,8
Brest,29200,Maisont6avendrebrestlambezellec,223200,110.0,440.0,6
Brest,29200,Venteappartementbrest(29200)196000ï¿œ,196000,68.0,0.0,3
Brest,29200,Maisont7avendrebrestcliniquepasteursaintmartin,418000,140.0,0.0,7
Clermont-Ferrand,63100,Appartementt4avecstationnementetcave,140000,82.0,0.0,4
Clermont-Ferrand,63100,"Àvendre–clermont-ferrand–quartierchampfleuribelappartementt3–69,84m²+cave",162000,69.0,0.0,3
Clermont-Ferrand,63000,Àvendre–appartementdecharmeentièrementrénové–hyper-centredeclermont-ferrand,365000,128.0,0.0,4
Clermont-Ferrand,63100,Maison60m²àclermont-ferrand,170000,60.0,0.0,3
Clermont-Ferrand,63100,Àvendre–superbet3traversantde61m²–dernierétageavecbalcon&parking–clermont-ferrandc,174900,61.0,0.0,3
Clermont-Ferrand,63000,Àvendre–appartementt3àclermont-ferrand(quartieroradou),135000,74.0,0.0,3
Clermont-Ferrand,63000,Appartement53m²àclermont-ferrand,228761,53.0,0.0,2
Clermont-Ferrand,63000,Grandappartement120m²carrez(140m²ausol)-clermont-ferrandcentre,396900,140.0,0.0,5
Clermont-Ferrand,63000,Appartement53m²àclermont-ferrand,240775,53.0,0.0,2
Clermont-Ferrand,63000,Àvendre–superbeappartementt4de116m²–hyper-centreclermont-ferrand,327000,116.0,0.0,4
Clermont-Ferrand,63000,Appartement22m²àclermont-ferrand,110209,22.0,0.0,1
Clermont-Ferrand,63100,Venteappartementclermont-ferrand(63100)224000ï¿œ,224000,71.0,0.0,3
Clermont-Ferrand,63000,Appartement55m²àclermont-ferrand,75000,55.0,0.0,2
Clermont-Ferrand,63000,Appartement69m²àclermont-ferrand,75000,69.0,0.0,2
Clermont-Ferrand,63100,Appartement61m²àclermont-ferrand,221000,61.0,0.0,3
Clermont-Ferrand,63100,Venteappartementclermont-ferrand(63100)185000ï¿œ,185000,62.0,0.0,3
Clermont-Ferrand,63000,Ventemaisonclermont-ferrand(63000)285000ï¿œ,285000,90.0,197.0,4
Clermont-Ferrand,63000,Ventebureau-localclermont-ferrand(63000)161000ï¿œ,161000,70.0,0.0,0
Clermont-Ferrand,63000,Jaudef3avecgarageetdoublebalcon,260000,91.0,0.0,4
Clermont-Ferrand,63000,Appartement37m²àclermont-ferrand,109000,37.0,0.0,2
Clermont-Ferrand,63100,Appartementt4avecstationnementetcave,140000,82.0,0.0,4
Clermont-Ferrand,63100,"Àvendre–clermont-ferrand–quartierchampfleuribelappartementt3–69,84m²+cave",162000,69.0,0.0,3
Clermont-Ferrand,63000,Àvendre–appartementdecharmeentièrementrénové–hyper-centredeclermont-ferrand,365000,128.0,0.0,4
Clermont-Ferrand,63100,Maison60m²àclermont-ferrand,170000,60.0,0.0,3
Clermont-Ferrand,63100,Àvendre–superbet3traversantde61m²–dernierétageavecbalcon&parking–clermont-ferrandc,174900,61.0,0.0,3
Clermont-Ferrand,63000,Àvendre–appartementt3àclermont-ferrand(quartieroradou),135000,74.0,0.0,3
Clermont-Ferrand,63000,Appartement53m²àclermont-ferrand,228761,53.0,0.0,2
Clermont-Ferrand,63000,Grandappartement120m²carrez(140m²ausol)-clermont-ferrandcentre,396900,140.0,0.0,5
Clermont-Ferrand,63000,Appartement53m²àclermont-ferrand,240775,53.0,0.0,2
Clermont-Ferrand,63000,Àvendre–superbeappartementt4de116m²–hyper-centreclermont-ferrand,327000,116.0,0.0,4
Clermont-Ferrand,63000,Appartement22m²àclermont-ferrand,110209,22.0,0.0,1
Clermont-Ferrand,63100,Venteappartementclermont-ferrand(63100)224000ï¿œ,224000,71.0,0.0,3
Clermont-Ferrand,63000,Appartement55m²àclermont-ferrand,75000,55.0,0.0,2
Clermont-Ferrand,63000,Appartement69m²àclermont-ferrand,75000,69.0,0.0,2
Clermont-Ferrand,63100,Appartement61m²àclermont-ferrand,221000,61.0,0.0,3
Clermont-Ferrand,63100,Venteappartementclermont-ferrand(63100)185000ï¿œ,185000,62.0,0.0,3
Clermont-Ferrand,63000,Ventemaisonclermont-ferrand(63000)285000ï¿œ,285000,90.0,197.0,4
Clermont-Ferrand,63000,Ventebureau-localclermont-ferrand(63000)161000ï¿œ,161000,70.0,0.0,0
Clermont-Ferrand,63000,Jaudef3avecgarageetdoublebalcon,260000,91.0,0.0,4
Clermont-Ferrand,63000,Appartement37m²àclermont-ferrand,109000,37.0,0.0,2
Clermont-Ferrand,63000,Appartement34m²àclermont-ferrand,168751,34.0,0.0,2
Clermont-Ferrand,63000,Appartement44m²àclermont-ferrand,97200,44.0,0.0,2
Clermont-Ferrand,63000,"Clermontferrandlessalinst3pièce(s)66.77m2,vue,parking,asc,2chambresrénové,149800€fai",149800,67.0,0.0,3
Clermont-Ferrand,63100,Appartementclermontferrand4pièces74.26m2,135000,74.0,291.0,4
Clermont-Ferrand,63100,Appartement76m²àclermont-ferrand,91500,76.0,0.0,4
Clermont-Ferrand,63100,Appartement79m²àclermont-ferrand,185000,79.0,0.0,4
Clermont-Ferrand,63000,Maison176m²àclermont-ferrand,240000,176.0,652.0,7
Clermont-Ferrand,63000,"Maisonrénovéede105m2avecterrassepleinsudetgarageprocheplacedesbughes,clermont-ferrand",298500,105.0,197.0,4
Clermont-Ferrand,63000,Appartement92m²àclermont-ferrand,180000,93.0,0.0,5
Clermont-Ferrand,63000,"Appartementdecaractèrede207m2endernierétageavecvuesdégagéesplateaucentral,clermont-ferrand",399000,208.0,0.0,6
Clermont-Ferrand,63100,Maison162m²-6pièces-terrain600m²-clermontferrand(63),435000,162.0,942.0,6
Clermont-Ferrand,63000,Avendreappartementcentrejaude,219000,61.0,0.0,3
Clermont-Ferrand,63000,Appartementclermontferrand3pièce(s)73m2,190000,72.0,0.0,3
Clermont-Ferrand,63000,Appartement38m²àclermont-ferrand,189000,38.0,0.0,1
Clermont-Ferrand,63100,Appartement17m²àclermont-ferrand,78000,17.0,0.0,1
Clermont-Ferrand,63000,Appartement82m²àclermont-ferrand,330000,82.0,0.0,4
Clermont-Ferrand,63000,Appartement52m²àclermont-ferrand,208000,52.0,0.0,2
Clermont-Ferrand,63000,Appartement32m²àclermont-ferrand,189000,32.0,0.0,1
Clermont-Ferrand,63000,Rare:réserveenrez-de-chaussée48m2exploitablescentreancien,29000,48.0,0.0,1
Clermont-Ferrand,63000,Maison156m²àclermont-ferrand,295000,156.0,620.0,6
Clermont-Ferrand,63000,Appartementt581m2avecbalcon+garage,191900,81.0,0.0,5
Clermont-Ferrand,63000,Appartement63m²àclermont-ferrand,133500,63.0,0.0,3
Clermont-Ferrand,63000,Appartement104m²àclermont-ferrand,468000,104.0,0.0,4
Clermont-Ferrand,63000,Appartement61m²àclermont-ferrand,261000,61.0,0.0,3
Clermont-Ferrand,63000,Plateaucentral,189000,82.0,0.0,2
Clermont-Ferrand,63000,Appartement56m²àclermont-ferrand,135000,57.0,0.0,3
Clermont-Ferrand,63100,Appartement41m²àclermont-ferrand,129897,41.0,0.0,2
Clermont-Ferrand,63100,Appartement91m²àclermont-ferrand,86295,91.0,0.0,5
Clermont-Ferrand,63100,Appartement70m²àclermont-ferrand,238000,70.0,0.0,3
Clermont-Ferrand,63000,Appartement57m²àclermont-ferrand,169900,57.0,0.0,3
Clermont-Ferrand,63000,Rare:réserveenrez-de-chaussée48m2exploitablescentreancien,29000,48.0,0.0,1
Clermont-Ferrand,63000,Venteappartementclermont-ferrand(63000)195000ï¿œ,195000,113.0,0.0,5
Clermont-Ferrand,63000,Appartement69m²àclermont-ferrand,139000,70.0,0.0,4
Clermont-Ferrand,63100,Appartement3piècesaveccaveetgarage,197000,64.0,0.0,3
Clermont-Ferrand,63000,Appartement33m²àclermont-ferrand,73900,33.0,0.0,1
Clermont-Ferrand,63100,Appartement138m²àclermont-ferrand,570900,138.0,0.0,5
Clermont-Ferrand,63100,Maison108m²àclermont-ferrand,270000,108.0,0.0,5
Clermont-Ferrand,63100,Appartement124m²àclermont-ferrand,602000,124.0,0.0,5
Clermont-Ferrand,63000,Clermont-ferrand:idéalinvestissementlocatif,55219,17.0,0.0,1
Clermont-Ferrand,63000,Fondsdecommercepetiterestaurationcoeurdeville,25000,55.0,0.0,0
Nice,6200,Maison164m²ànice,850000,164.0,1500.0,5
Nice,6300,Appartement77m²ànice,575000,77.0,0.0,3
Nice,6000,Appartement74m²ànice,390000,74.0,0.0,3
Nice,6000,Appartement136m²ànice,1795000,136.0,0.0,4
Nice,6200,Appartement48m²ànice,260000,48.0,0.0,2
Nice,6000,Àvendre–murscommerciauxàusagemixte–bascimiez/carabacel,450000,70.0,0.0,3
Nice,6100,Niceparcmontebello-2pièces-terrasse,229000,36.0,0.0,2
Nice,6000,"4pieces""teteaucarre""endernieretage",850000,102.0,0.0,5
Nice,6000,Rareseafrontgardenapartmentpromenadedesanglais,645000,57.0,0.0,2
Nice,6300,2m²ànice,4500,2.0,0.0,1
Nice,6300,Appartement33m²ànice,210000,33.0,0.0,2
Nice,6100,Appartement123m²ànice,483000,123.0,0.0,0
Nice,6300,Appartementnice3pièce(s)66.25m2,350000,66.0,0.0,3
Nice,6100,Appartement78m²ànice,510000,78.0,0.0,4
Nice,6300,Appartement57m²ànice,373000,58.0,0.0,3
Nice,6000,Nice-dubouchage-superbe2piècesavec45m²deterrassevégétalisée,355000,30.0,0.0,2
Nice,6200,Avendrenicebasfabron-studiorezdejaridnavecparking,120000,17.0,0.0,1
Nice,6000,Appartementt3nicelyautey,205000,54.0,0.0,3
Nice,6200,Nice-promenadedesanglais-3piècestraversantavecbalconetvuemerpanoramique,650000,66.0,0.0,3
Nice,6000,Parkingànice,31000,70.0,0.0,0
Nice,6200,Maison164m²ànice,850000,164.0,1500.0,5
Nice,6300,Appartement77m²ànice,575000,77.0,0.0,3
Nice,6000,Appartement74m²ànice,390000,74.0,0.0,3
Nice,6000,Appartement136m²ànice,1795000,136.0,0.0,4
Nice,6200,Appartement48m²ànice,260000,48.0,0.0,2
Nice,6000,Àvendre–murscommerciauxàusagemixte–bascimiez/carabacel,450000,70.0,0.0,3
Nice,6100,Niceparcmontebello-2pièces-terrasse,229000,36.0,0.0,2
Nice,6000,"4pieces""teteaucarre""endernieretage",850000,102.0,0.0,5
Nice,6000,Rareseafrontgardenapartmentpromenadedesanglais,645000,57.0,0.0,2
Nice,6300,2m²ànice,4500,2.0,0.0,1
Nice,6300,Appartement33m²ànice,210000,33.0,0.0,2
Nice,6100,Appartement123m²ànice,483000,123.0,0.0,0
Nice,6300,Appartementnice3pièce(s)66.25m2,350000,66.0,0.0,3
Nice,6100,Appartement78m²ànice,510000,78.0,0.0,4
Nice,6300,Appartement57m²ànice,373000,58.0,0.0,3
Nice,6000,Nice-dubouchage-superbe2piècesavec45m²deterrassevégétalisée,355000,30.0,0.0,2
Nice,6200,Avendrenicebasfabron-studiorezdejaridnavecparking,120000,17.0,0.0,1
Nice,6000,Appartementt3nicelyautey,205000,54.0,0.0,3
Nice,6200,Nice-promenadedesanglais-3piècestraversantavecbalconetvuemerpanoramique,650000,66.0,0.0,3
Nice,6000,Parkingànice,31000,70.0,0.0,0
Nice,6200,Beau5pièces+terrasse+parking+cave,395000,100.0,0.0,5
Nice,6300,Appartement75m²ànice,365000,76.0,0.0,4
Nice,6200,"3piècesavecterrasse,aperçumeretgarage–niceouest",294000,56.0,0.0,3
Nice,6000,Appartement72m²ànice,253000,72.0,0.0,4
Nice,6000,Votreévasionparfaiteàproximitédelameretdegambetta!,275000,44.0,0.0,2
Nice,6000,Appartement30m²ànice,235000,30.0,0.0,1
Nice,6200,Niceouest-cessiondedroitaubail,265000,81.0,0.0,0
Nice,6100,Appartement64m²ànice,288000,64.0,0.0,3
Nice,6300,Appartement2/3pieces-couleeverte,220000,41.0,0.0,3
Nice,6300,Placedupinetageeleve5pieces,1050000,136.0,0.0,5
Nice,6000,Appartement45m²ànice,238000,45.0,0.0,2
Nice,6000,Appartement29m²ànice,280000,29.0,0.0,2
Nice,6200,Appartement1chambre(s)àvendre,365000,49.0,0.0,2
Nice,6000,Nice/carabacel/calme/2prenove/balcon,299000,44.0,0.0,2
Nice,6000,Appartement65m²ànice,335000,65.0,0.0,3
Nice,6300,Appartement134m²ànice,650000,134.0,0.0,4
Nice,6300,Appartement60m²ànice,295000,60.0,0.0,2
Nice,6300,"T4nicevauban94,27m²+possibilitéparkingsoussol",399000,94.0,0.0,4
Nice,6300,Appartement4pièces+cave+parkingprivé,399000,90.0,0.0,4
Nice,6200,Parking13m²ànice,33000,13.0,0.0,0
Nice,6200,Venteappartementnice(06200)630000ï¿œ,630000,90.0,0.0,4
Nice,6000,Appartement23m²ànice,189000,23.0,0.0,1
Nice,6300,Appartement70m²ànice,408000,70.0,0.0,3
Nice,6200,Niceméridia–3piècesrécentavecterrasses,259000,64.0,0.0,3
Nice,6000,Appartement50m²ànice,259000,51.0,0.0,3
Nice,6100,T2de75m²,319000,74.0,0.0,2
Nice,6000,Appartementt3avecterrassed'angle-vuesurlacouléeverte,295000,57.0,0.0,3
Nice,6000,Environnementprivilégié-vuemerexceptionnelle,1495000,134.0,855.0,6
Nice,6300,Appartement61m²ànice,164000,61.0,0.0,2
Nice,6000,Commerce17m²ànice,233200,17.0,0.0,0
Nice,6000,Appartement36m²ànice,350000,37.0,0.0,1
Nice,6000,Nice–4piècestraversantavecvuedégagéesurlacouléeverte,369000,87.0,0.0,4
Nice,6300,Appartementt4de102m²,695000,101.0,0.0,4
Nice,6200,Beaustudiovuemerànicede25m²+garagefermé,173665,14.0,0.0,1
Nice,6200,Terrainavendreniceouestcremat,335000,2624.0,0.0,0
Nice,6300,"Maisont4avecterrasse,jardinetdépendance",495000,108.0,40.0,4
Nice,6000,Parking10m²ànice,45000,10.0,0.0,0
Nice,6000,Appartement10m²ànice,90000,11.0,0.0,1
Nice,6000,Appartement68m²ànice,345000,69.0,0.0,3
Nice,6200,Terrainàbâtirvuemer-ventabrun-niceouest,472500,574.0,0.0,0
